User_Names,Tweets
MAMuPD21,"It's okay, not the best experience though."
MVZzNPEFmHtn,I'm so happy with my recent success!
Balkas,"Just finished my coffee, it was pretty good."
irishgoblin,I'm so upset about what just happened.
rIjjJulG13,I love this product so much!
Glassy_Delusion,I can't stand this horrible experience.
ijhP99,It's a regular day with nothing special.
Fanum_Tax,Everything is amazing and feels wonderful today.
Vulkan,Everything went wrong and I feel awful.
TLTS_K,I had fun but it was very exhausting.
Travis_SCTX,What a terrible day full of disappointments.
mindgames13,What a wonderful moment to cherish forever.
Summers_End,I had fun but it was very exhausting.
QJXxcZcl,I'm so upset about what just happened.
jonnywarlock,I went to the store to buy groceries.
FjksqkmzvX,Mixed feelings about this recent announcement.
Feared_Buck,It's a regular day with nothing special.
ZW_XlqHifihf,"Just finished my coffee, it was pretty good."
The_Emperor_of_Mankind,I'm so happy with my recent success!
bJQlhI21,Everything is amazing and feels wonderful today.
Gura_Goblin,This is the worst day of my life.
Kendrick_XZ,"It's okay, not the best experience though."
Nurgle,Mixed feelings about this recent announcement.
Number_One_Drake_Hater,Mixed feelings about this recent announcement.
oHdIPMcaBa,I love this product so much!
SecureDonkey,"Nothing special happening, just the usual stuff."
vsIygwIjKC,Everything is amazing and feels wonderful today.
-oxttfxrkhlJt,I went to the store to buy groceries.
Port_Antonio,What a terrible day full of disappointments.
KXbrBNkDn,"Great start, but a disappointing ending overall."
qUpWf99,I'm so upset about what just happened.
Khorne,"Nothing special happening, just the usual stuff."
FNWcZISZ,"That's interesting, but not very surprising to hear."
Luce_SD,Everything is amazing and feels wonderful today.
Radagon_of_the_Golden_Order,Everything is amazing and feels wonderful today.
hDGSIszdAbr,I'm so upset about what just happened.
VLBj99,I went to the store to buy groceries.
MnZZLDWjsD,Everything is amazing and feels wonderful today.
oLOYMCKoPUrepw,I can't stand this horrible experience.
zrsshox,"Just finished my coffee, it was pretty good."
Colin,Mixed feelings about this recent announcement.
bBImlXRTKw,This is the worst day of my life.
BlankSpace,This is the worst day of my life.
LvrcjXA,I went to the store to buy groceries.
ZqFleSe,What a wonderful moment to cherish forever.
Fabrizio_Romano,I'm so upset about what just happened.
Sister_of_Silence,Such a great day with my family.
fujDHLsE,This is the worst day of my life.
zWbkBJ,"That's interesting, but not very surprising to hear."
Elon-Musk-Sucks,I had fun but it was very exhausting.
